mode	level	seed	slot	faction	physicalAPM60Mean	peak10	originalRequired	originalAnswered	originalCensored	originalKM	observedRequired	observedAnswered	observedCensored	observedKM	originalPrimaryAnswered	originalPrimaryCensored	originalPrimaryKM	observedPrimaryAnswered	observedPrimaryCensored	observedPrimaryKM	acceptedNonBuy	cameras
conquest	easy	1	0	USA	31.333	60	5	2	3		5	3	2	3.2	1	4		2	3		27	15
conquest	easy	1	1	Germany	25.333	60	3	2	1	1.55	3	2	1	1.55	2	1	1.55	2	1	1.55	21	22
conquest	easy	1	2	USSR	29	60	4	4	0	1.65	4	4	0	1.65	3	1	1.65	3	1	1.65	27	20
conquest	easy	2	0	USA	28	60	7	5	2	2.4	7	5	2	2.4	3	4		3	4		22	19
conquest	easy	2	1	Germany	28.333	60	2	2	0	1.05	2	2	0	1.05	2	0	1.05	2	0	1.05	21	25
conquest	easy	2	2	USSR	27.333	60	6	0	6		6	1	5		0	6		1	5		20	22
conquest	easy	3	0	USA	26	60	3	1	2		3	1	2		1	2		1	2		16	29
conquest	easy	3	1	Germany	26	60	3	1	2		3	1	2		1	2		1	2		16	23
conquest	easy	3	2	USSR	26.667	60	12	4	8		12	6	6	2.75	4	8		6	6	2.75	17	25
conquest	easy	4	0	USA	29	60	6	5	1	1.15	6	6	0	1.15	4	2	1.15	5	1	1.15	23	22
conquest	easy	4	1	Germany	30	60	9	5	4	4.45	9	5	4	4.45	5	4	4.45	5	4	4.45	25	18
conquest	easy	4	2	USSR	29.667	60	7	4	3	1.75	7	4	3	1.75	4	3	1.75	4	3	1.75	21	21
conquest	easy	5	0	USA	31	60	2	1	1	2.6	2	1	1	2.6	1	1	2.6	1	1	2.6	18	30
conquest	easy	5	1	Germany	33.667	60	5	4	1	2.85	5	4	1	2.85	4	1	2.85	4	1	2.85	25	23
conquest	easy	5	2	USSR	30.667	60	5	4	1	1.75	5	4	1	1.75	4	1	1.75	4	1	1.75	24	23
conquest	easy	6	0	USA	28.667	60	6	1	5		6	1	5		0	6		0	6		21	19
conquest	easy	6	1	Germany	31.333	60	4	2	2	2.65	4	2	2	2.65	2	2	2.65	2	2	2.65	25	17
conquest	easy	6	2	USSR	21.333	54	7	1	6		7	1	6		1	6		1	6		17	18
conquest	easy	7	0	USA	28.333	60	7	2	5		7	4	3	1.45	2	5		4	3	1.45	23	18
conquest	easy	7	1	Germany	28	60	11	1	10		11	1	10		1	10		1	10		24	19
conquest	easy	7	2	USSR	28.667	60	5	1	4		5	1	4		1	4		1	4		22	21
conquest	easy	8	0	USA	23.333	60	2	0	2		2	0	2		0	2		0	2		17	23
conquest	easy	8	1	Germany	28	60	9	9	0	1.15	9	9	0	1.15	6	3	1.9	6	3	1.9	21	21
conquest	easy	8	2	USSR	28.667	60	5	2	3		5	2	3		2	3		2	3		21	20
conquest	easy	9	0	USA	27.333	60	4	3	1	1.85	4	3	1	1.85	3	1	1.85	3	1	1.85	23	26
conquest	easy	9	1	Germany	28.333	60	4	3	1	1.25	4	4	0	1.2	3	1	1.25	4	0	1.2	19	27
conquest	easy	9	2	USSR	23.667	60	8	7	1	4.6	8	7	1	4.6	3	5		3	5		20	21
conquest	easy	10	0	USA	26.333	60	4	2	2	3.3	4	3	1	3.15	2	2	3.3	3	1	3.15	24	20
conquest	easy	10	1	Germany	27	60	3	3	0	1.1	3	3	0	1.1	2	1	2.3	2	1	2.3	22	21
conquest	easy	10	2	USSR	26.333	54	3	2	1	2.35	3	2	1	2.35	2	1	2.35	2	1	2.35	19	25
conquest	easy	11	0	USA	21.667	60	3	3	0	1.05	3	3	0	1.05	3	0	1.05	3	0	1.05	16	23
conquest	easy	11	1	Germany	25.333	60	3	1	2		3	1	2		1	2		1	2		20	19
conquest	easy	11	2	USSR	27	60	8	5	3	2.6	8	5	3	2.6	4	4	2.6	4	4	2.6	22	21
conquest	easy	12	0	USA	26	60	7	1	6		7	1	6		1	6		1	6		23	18
conquest	easy	12	1	Germany	27.333	60	4	0	4		4	0	4		0	4		0	4		23	20
conquest	easy	12	2	USSR	25	60	4	2	2	4.2	4	2	2	4.2	2	2	4.2	2	2	4.2	17	25
conquest	easy	13	0	USA	25	60	4	3	1	4.15	4	3	1	4.15	3	1	4.15	3	1	4.15	15	24
conquest	easy	13	1	Germany	28.333	60	5	3	2	1.15	5	3	2	1.15	2	3		2	3		21	29
conquest	easy	13	2	USSR	25.333	60	3	2	1	2.05	3	2	1	2.05	2	1	2.05	2	1	2.05	16	33
conquest	easy	14	0	USA	22.333	54	9	2	7		9	2	7		2	7		2	7		17	18
conquest	easy	14	1	Germany	26	60	7	2	5		7	2	5		2	5		2	5		21	22
conquest	easy	14	2	USSR	32	60	5	4	1	1.25	5	4	1	1.25	3	2	1.25	3	2	1.25	24	34
conquest	easy	15	0	USA	31.333	60	4	2	2	1.15	3	2	1	1.15	2	2	1.15	2	1	1.15	22	24
conquest	easy	15	1	Germany	29	60	7	3	4		7	3	4		3	4		3	4		23	20
conquest	easy	15	2	USSR	23	60	2	1	1	1.05	2	1	1	1.05	1	1	1.05	1	1	1.05	18	26
conquest	easy	16	0	USA	27	54	7	4	3	2.6	6	4	2	1.4	3	4		3	3	2.6	20	28
conquest	easy	16	1	Germany	25	60	5	0	5		5	0	5		0	5		0	5		17	24
conquest	easy	16	2	USSR	25	60	9	2	7		9	2	7		2	7		2	7		19	20
conquest	easy	17	0	USA	24.333	54	2	1	1	1.15	2	1	1	1.15	1	1	1.15	1	1	1.15	17	26
conquest	easy	17	1	Germany	31	60	13	6	7		13	6	7		4	9		4	9		25	18
conquest	easy	17	2	USSR	30.333	60	7	3	4		7	3	4		2	5		2	5		26	19
conquest	easy	18	0	USA	22.667	60	6	4	2	4.8	6	4	2	4.8	2	4		2	4		19	21
conquest	easy	18	1	Germany	26	60	5	3	2	1.5	5	3	2	1.5	3	2	1.5	3	2	1.5	19	27
conquest	easy	18	2	USSR	25.333	60	2	0	2		3	0	3		0	2		0	3		16	22
conquest	easy	19	0	USA	30.333	60	12	8	4	2.25	12	8	4	2.25	7	5	2.25	7	5	2.25	23	13
conquest	easy	19	1	Germany	28.333	60	9	3	6		8	4	4	2.35	2	7		3	5		26	17
conquest	easy	19	2	USSR	28.333	60	3	3	0	1.65	3	3	0	1.65	3	0	1.65	3	0	1.65	20	17
conquest	easy	20	0	USA	32	60	13	4	9		13	4	9		2	11		2	11		31	20
conquest	easy	20	1	Germany	23.667	60	2	1	1	1	2	1	1	1	1	1	1	1	1	1	15	25
conquest	easy	20	2	USSR	25.667	60	4	4	0	1.05	4	4	0	1.05	3	1	1.05	3	1	1.05	18	23
conquest	normal	1	0	USA	41.333	96	5	3	2	1.25	5	3	2	1.25	2	3		2	3		26	38
conquest	normal	1	1	Germany	35.667	72	6	1	5		6	1	5		1	5		1	5		25	35
conquest	normal	1	2	USSR	39.333	108	3	2	1	1.95	3	2	1	1.95	2	1	1.95	2	1	1.95	31	31
conquest	normal	2	0	USA	40.333	102	3	2	1	5.55	2	2	0	2.5	2	1	5.55	2	0	2.5	28	41
conquest	normal	2	1	Germany	38	78	4	2	2	0.75	4	2	2	0.75	2	2	0.75	2	2	0.75	26	43
conquest	normal	2	2	USSR	38	78	4	2	2	1.1	4	2	2	1.1	2	2	1.1	2	2	1.1	29	38
conquest	normal	3	0	USA	38	84	7	3	4		7	4	3	1.25	3	4		4	3	1.25	23	45
conquest	normal	3	1	Germany	29.667	78	2	1	1	0.55	2	2	0	0.55	1	1	0.55	2	0	0.55	20	34
conquest	normal	3	2	USSR	43.667	96	4	3	1	1.55	4	4	0	0.7	3	1	1.55	4	0	0.7	35	38
conquest	normal	4	0	USA	36.667	108	10	5	5	1.25	10	5	5	1.25	4	6		4	6		30	27
conquest	normal	4	1	Germany	38.667	78	2	1	1	1.55	2	1	1	1.55	1	1	1.55	1	1	1.55	24	33
conquest	normal	4	2	USSR	41	78	8	4	4	7	7	4	3	7	2	6		2	5		31	39
conquest	normal	5	0	USA	41.333	90	6	2	4		6	2	4		2	4		2	4		33	35
conquest	normal	5	1	Germany	46.667	90	16	11	5	1.05	16	11	5	1.05	8	8	6.05	8	8	6.05	37	34
conquest	normal	5	2	USSR	37.333	84	6	5	1	1.15	6	5	1	1.15	5	1	1.15	5	1	1.15	28	38
conquest	normal	6	0	USA	44.667	96	3	3	0	0.6	3	3	0	0.6	3	0	0.6	3	0	0.6	42	29
conquest	normal	6	1	Germany	48.333	90	8	5	3	0.9	8	5	3	0.9	4	4	0.9	4	4	0.9	32	42
conquest	normal	6	2	USSR	50	120	5	2	3		5	2	3		2	3		2	3		38	31
conquest	normal	7	0	USA	40.667	102	7	6	1	0.8	7	6	1	0.8	5	2	0.8	5	2	0.8	29	36
conquest	normal	7	1	Germany	36.667	84	4	3	1	0.7	4	3	1	0.7	3	1	0.7	3	1	0.7	28	29
conquest	normal	7	2	USSR	40.667	78	8	2	6		7	3	4		2	6		3	4		37	35
conquest	normal	8	0	USA	47	108	11	4	7		12	6	6	0.95	4	7		6	6	0.95	37	40
conquest	normal	8	1	Germany	43.333	120	11	5	6		11	5	6		4	7		4	7		36	31
conquest	normal	8	2	USSR	46.667	120	11	5	6		12	6	6	3.4	4	7		5	7		38	33
conquest	normal	9	0	USA	37.667	78	4	2	2	0.7	4	2	2	0.7	1	3		1	3		28	38
conquest	normal	9	1	Germany	33.333	66	10	8	2	0.75	10	8	2	0.75	4	6		4	6		21	38
conquest	normal	9	2	USSR	43	114	11	7	4	1.95	11	7	4	1.95	6	5	3.75	6	5	3.75	35	25
conquest	normal	10	0	USA	39.333	90	7	2	5		7	2	5		2	5		2	5		27	43
conquest	normal	10	1	Germany	34.667	84	5	2	3		5	2	3		2	3		2	3		25	37
conquest	normal	10	2	USSR	32	66	3	1	2		3	1	2		1	2		1	2		23	33
conquest	normal	11	0	USA	35.333	102	8	4	4	1.25	8	5	3	0.8	2	6		3	5		26	40
conquest	normal	11	1	Germany	33.333	72	9	5	4	7.15	9	5	4	7.15	5	4	7.15	5	4	7.15	25	33
conquest	normal	11	2	USSR	38	96	4	3	1	1.25	4	3	1	1.25	3	1	1.25	3	1	1.25	27	35
conquest	normal	12	0	USA	42.667	96	4	3	1	0.8	4	3	1	0.8	3	1	0.8	3	1	0.8	33	41
conquest	normal	12	1	Germany	35.667	78	6	3	3	0.7	6	3	3	0.7	3	3	0.7	3	3	0.7	25	36
conquest	normal	12	2	USSR	45	120	5	3	2	4.85	4	4	0	0.75	2	3		3	1	0.75	36	44
conquest	normal	13	0	USA	41.333	114	2	1	1	0.6	3	2	1	0.65	1	1	0.6	2	1	0.65	29	34
conquest	normal	13	1	Germany	42	120	10	7	3	1.35	10	8	2	1.35	6	4	1.35	7	3	1.35	28	38
conquest	normal	13	2	USSR	45.667	90	4	3	1	1.55	4	3	1	1.55	2	2	1.55	2	2	1.55	35	38
conquest	normal	14	0	USA	40	90	7	2	5		8	3	5		2	5		3	5		29	33
conquest	normal	14	1	Germany	42	96	5	3	2	1.35	5	3	2	1.35	3	2	1.35	3	2	1.35	37	28
conquest	normal	14	2	USSR	37.333	96	6	4	2	1.1	7	5	2	1.1	4	2	1.1	5	2	1.1	28	35
conquest	normal	15	0	USA	44	96	6	1	5		6	2	4		1	5		2	4		31	43
conquest	normal	15	1	Germany	42.667	90	4	0	4		4	1	3		0	4		1	3		31	40
conquest	normal	15	2	USSR	36	84	3	2	1	1.55	3	2	1	1.55	1	2		1	2		25	45
conquest	normal	16	0	USA	37.667	84	6	3	3	1.55	6	3	3	1.55	3	3	1.55	3	3	1.55	29	34
conquest	normal	16	1	Germany	49.667	120	10	7	3	4	10	8	2	1.3	4	6		5	5	8.15	42	34
conquest	normal	16	2	USSR	43.333	96	5	4	1	0.85	5	4	1	0.85	4	1	0.85	4	1	0.85	34	35
conquest	normal	17	0	USA	36	72	10	7	3	0.8	10	7	3	0.8	7	3	0.8	7	3	0.8	26	41
conquest	normal	17	1	Germany	40.667	114	8	4	4	1.9	8	4	4	1.9	3	5		3	5		34	36
conquest	normal	17	2	USSR	45	84	6	4	2	0.8	7	4	3	1	4	2	0.8	4	3	1	37	36
conquest	normal	18	0	USA	42	78	10	6	4	1.8	10	7	3	1.35	3	7		4	6		32	42
conquest	normal	18	1	Germany	37	96	9	8	1	1.5	9	8	1	1.5	4	5		4	5		27	38
conquest	normal	18	2	USSR	40.333	114	3	1	2		3	1	2		1	2		1	2		31	39
conquest	normal	19	0	USA	49.333	102	6	3	3	0.95	6	3	3	0.95	3	3	0.95	3	3	0.95	37	40
conquest	normal	19	1	Germany	42	120	11	7	4	0.9	11	7	4	0.9	6	5	0.9	6	5	0.9	31	33
conquest	normal	19	2	USSR	43.333	108	11	3	8		12	4	8		3	8		4	8		32	36
conquest	normal	20	0	USA	39.667	96	8	5	3	0.75	8	5	3	0.75	5	3	0.75	5	3	0.75	33	34
conquest	normal	20	1	Germany	36	72	7	3	4		7	3	4		2	5		2	5		26	33
conquest	normal	20	2	USSR	35.667	78	8	4	4	1.8	8	4	4	1.8	4	4	1.8	4	4	1.8	29	34
conquest	hard	1	0	USA	61	120	3	1	2		3	1	2		1	2		1	2		50	51
conquest	hard	1	1	Germany	59	114	2	1	1	0.45	2	1	1	0.45	1	1	0.45	1	1	0.45	45	64
conquest	hard	1	2	USSR	70	168	13	5	8		13	5	8		5	8		5	8		63	51
conquest	hard	2	0	USA	54.667	126	13	8	5	2.8	13	9	4	1.35	7	6	2.8	8	5	1.35	39	62
conquest	hard	2	1	Germany	59.667	114	3	1	2		4	1	3		1	2		1	3		44	62
conquest	hard	2	2	USSR	49	120	5	3	2	0.9	5	3	2	0.9	2	3		2	3		38	55
conquest	hard	3	0	USA	53.667	108	6	5	1	0.6	6	5	1	0.6	3	3	0.6	3	3	0.6	43	48
conquest	hard	3	1	Germany	53.333	120	4	1	3		4	1	3		1	3		1	3		40	62
conquest	hard	3	2	USSR	57	108	9	2	7		9	2	7		2	7		2	7		44	62
conquest	hard	4	0	USA	53.667	120	3	3	0	4.85	3	3	0	4.85	2	1	11.9	2	1	11.9	43	53
conquest	hard	4	1	Germany	58	108	0	0	0		0	0	0		0	0		0	0		44	59
conquest	hard	4	2	USSR	59.333	126	4	1	3		4	1	3		1	3		1	3		53	47
conquest	hard	5	0	USA	58.667	150	3	2	1	0.75	3	2	1	0.75	2	1	0.75	2	1	0.75	39	64
conquest	hard	5	1	Germany	61.667	126	7	0	7		6	1	5		0	7		1	5		53	57
conquest	hard	5	2	USSR	61	108	7	3	4		5	4	1	0.7	1	6		2	3		48	59
conquest	hard	6	0	USA	57.667	138	5	2	3		4	2	2	0.6	2	3		2	2	0.6	44	53
conquest	hard	6	1	Germany	64.667	144	4	1	3		4	1	3		1	3		1	3		53	50
conquest	hard	6	2	USSR	56.667	138	9	6	3	8.25	9	6	3	8.25	2	7		2	7		48	52
conquest	hard	7	0	USA	58.333	114	4	2	2	1.35	5	3	2	1.35	2	2	1.35	3	2	1.35	46	59
conquest	hard	7	1	Germany	56	138	8	2	6		8	2	6		2	6		2	6		46	55
conquest	hard	7	2	USSR	49.333	96	2	1	1	0.5	2	1	1	0.5	1	1	0.5	1	1	0.5	37	59
conquest	hard	8	0	USA	55.333	102	9	6	3	2.15	10	7	3	2.15	3	6		3	7		42	62
conquest	hard	8	1	Germany	55	108	6	4	2	0.5	6	4	2	0.5	3	3	0.55	3	3	0.55	39	58
conquest	hard	8	2	USSR	54.667	108	7	5	2	0.5	7	5	2	0.5	5	2	0.5	5	2	0.5	43	58
conquest	hard	9	0	USA	57	114	8	3	5		8	3	5		3	5		3	5		50	46
conquest	hard	9	1	Germany	66.333	144	4	3	1	0.45	4	4	0	0.4	3	1	0.45	4	0	0.4	45	69
conquest	hard	9	2	USSR	53.667	126	2	0	2		2	0	2		0	2		0	2		39	64
conquest	hard	10	0	USA	44	114	6	4	2	1.55	6	4	2	1.55	3	3	1.55	3	3	1.55	33	58
conquest	hard	10	1	Germany	49.333	132	5	1	4		5	1	4		0	5		0	5		37	49
conquest	hard	10	2	USSR	49	96	8	2	6		8	2	6		2	6		2	6		34	58
conquest	hard	11	0	USA	45.333	90	5	3	2	5.1	5	3	2	5.1	2	3		2	3		26	62
conquest	hard	11	1	Germany	61.667	114	5	2	3		5	2	3		1	4		1	4		50	58
conquest	hard	11	2	USSR	58.667	114	5	5	0	0.9	5	5	0	0.9	3	2	0.9	3	2	0.9	44	68
conquest	hard	12	0	USA	44.667	108	4	2	2	0.45	4	2	2	0.45	2	2	0.45	2	2	0.45	27	65
conquest	hard	12	1	Germany	54.667	102	7	6	1	0.45	7	6	1	0.45	5	2	0.8	5	2	0.8	40	62
conquest	hard	12	2	USSR	47.667	102	2	0	2		2	0	2		0	2		0	2		35	58
conquest	hard	13	0	USA	46.333	102	4	0	4		4	0	4		0	4		0	4		35	43
conquest	hard	13	1	Germany	62.333	132	4	2	2	1	4	2	2	1	2	2	1	2	2	1	48	59
conquest	hard	13	2	USSR	54	96	4	2	2	0.5	4	2	2	0.5	2	2	0.5	2	2	0.5	39	74
conquest	hard	14	0	USA	52.667	108	8	3	5		8	4	4	1.1	3	5		4	4	1.1	39	53
conquest	hard	14	1	Germany	59	144	7	6	1	0.5	9	6	3	0.8	5	2	0.5	5	4	0.9	47	53
conquest	hard	14	2	USSR	60.667	132	6	3	3	4.35	6	3	3	4.35	3	3	4.35	3	3	4.35	47	63
conquest	hard	15	0	USA	53.667	114	5	2	3		5	4	1	0.85	2	3		4	1	0.85	38	60
conquest	hard	15	1	Germany	54	120	12	4	8		12	4	8		3	9		3	9		39	57
conquest	hard	15	2	USSR	58.333	102	2	1	1	0.6	2	1	1	0.6	1	1	0.6	1	1	0.6	40	67
conquest	hard	16	0	USA	58	138	9	3	6		9	4	5		2	7		3	6		48	50
conquest	hard	16	1	Germany	52	102	7	2	5		7	2	5		2	5		2	5		38	59
conquest	hard	16	2	USSR	51.333	84	8	3	5		8	3	5		3	5		3	5		36	68
conquest	hard	17	0	USA	52.333	108	11	10	1	0.65	11	11	0	0.65	5	6		6	5	1.15	41	61
conquest	hard	17	1	Germany	51	120	8	3	5		9	3	6		2	6		2	7		40	58
conquest	hard	17	2	USSR	62.667	120	10	5	5		10	5	5		4	6		4	6		53	56
conquest	hard	18	0	USA	57.667	120	12	6	6	2.8	13	7	6	8.05	5	7		5	8		43	64
conquest	hard	18	1	Germany	63	162	5	4	1	0.55	5	5	0	0.55	4	1	0.55	5	0	0.55	45	69
conquest	hard	18	2	USSR	51.667	102	9	2	7		9	2	7		1	8		1	8		40	55
conquest	hard	19	0	USA	71	144	9	4	5		10	4	6		4	5		4	6		59	49
conquest	hard	19	1	Germany	52.333	108	5	4	1	1.35	5	5	0	1.35	2	3		2	3		41	49
conquest	hard	19	2	USSR	66.333	126	14	6	8		14	7	7	10.7	2	12		3	11		55	59
conquest	hard	20	0	USA	49.667	102	12	6	6	6.25	12	6	6	6.25	3	9		3	9		32	65
conquest	hard	20	1	Germany	51.667	96	3	1	2		3	1	2		1	2		1	2		33	69
conquest	hard	20	2	USSR	53.667	96	3	2	1	0.65	3	2	1	0.65	2	1	0.65	2	1	0.65	42	61
classic	easy	1	0	USA	24	54	3	0	3		3	0	3		0	3		0	3		14	29
classic	easy	1	1	Germany	30.333	60	0	0	0		0	0	0		0	0		0	0		20	21
classic	easy	1	2	USSR	22.667	54	4	1	3		4	1	3		1	3		1	3		16	17
classic	easy	2	0	USA	30.333	60	1	0	1		1	0	1		0	1		0	1		24	22
classic	easy	2	1	Germany	27	60	2	2	0	1.2	2	2	0	1.2	2	0	1.2	2	0	1.2	18	26
classic	easy	2	2	USSR	25.333	60	0	0	0		0	0	0		0	0		0	0		17	25
classic	easy	3	0	USA	31	60	2	0	2		2	0	2		0	2		0	2		25	24
classic	easy	3	1	Germany	26.667	60	0	0	0		0	0	0		0	0		0	0		16	29
classic	easy	3	2	USSR	24.333	60	2	2	0	1.2	2	2	0	1.2	1	1	1.2	1	1	1.2	16	20
classic	easy	4	0	USA	23	60	1	0	1		1	0	1		0	1		0	1		13	21
classic	easy	4	1	Germany	28	60	2	1	1	1.2	2	1	1	1.2	1	1	1.2	1	1	1.2	18	24
classic	easy	4	2	USSR	24.333	60	0	0	0		0	0	0		0	0		0	0		14	26
classic	easy	5	0	USA	28.667	60	1	0	1		1	0	1		0	1		0	1		19	27
classic	easy	5	1	Germany	25.333	54	2	0	2		2	0	2		0	2		0	2		20	23
classic	easy	5	2	USSR	29	60	3	1	2		3	1	2		1	2		1	2		22	21
classic	easy	6	0	USA	28	60	0	0	0		0	0	0		0	0		0	0		16	33
classic	easy	6	1	Germany	27.333	60	0	0	0		0	0	0		0	0		0	0		20	24
classic	easy	6	2	USSR	27.333	60	3	2	1	1.55	3	2	1	1.55	1	2		1	2		18	16
classic	easy	7	0	USA	20	48	3	1	2		3	1	2		1	2		1	2		13	22
classic	easy	7	1	Germany	26.333	60	2	1	1	1.1	2	1	1	1.1	1	1	1.1	1	1	1.1	19	24
classic	easy	7	2	USSR	27	60	3	1	2	1.2	3	1	2	1.2	1	2	1.2	1	2	1.2	21	19
classic	easy	8	0	USA	26	60	4	1	3		4	1	3		0	4		0	4		18	23
classic	easy	8	1	Germany	28.333	60	0	0	0		0	0	0		0	0		0	0		17	23
classic	easy	8	2	USSR	29	60	2	1	1	1	2	1	1	1	1	1	1	1	1	1	20	28
classic	easy	9	0	USA	22.667	60	3	1	2		3	1	2		1	2		1	2		13	26
classic	easy	9	1	Germany	30.667	60	5	3	2	5.45	5	3	2	5.45	1	4		1	4		21	27
classic	easy	9	2	USSR	27.667	60	7	1	6		7	1	6		1	6		1	6		23	20
classic	easy	10	0	USA	30.667	60	5	3	2	3.7	5	3	2	3.7	2	3		2	3		25	24
classic	easy	10	1	Germany	26	60	2	2	0	1.35	2	2	0	1.35	2	0	1.35	2	0	1.35	17	21
classic	easy	10	2	USSR	25.333	60	2	1	1	4.9	2	1	1	4.9	1	1	4.9	1	1	4.9	17	18
classic	normal	1	0	USA	39.333	84	0	0	0		0	0	0		0	0		0	0		20	50
classic	normal	1	1	Germany	38	90	4	3	1	1.45	4	3	1	1.45	2	2	1.45	2	2	1.45	28	32
classic	normal	1	2	USSR	42.333	72	4	3	1	0.7	4	3	1	0.7	3	1	0.7	3	1	0.7	27	48
classic	normal	2	0	USA	34	90	0	0	0		0	0	0		0	0		0	0		24	33
classic	normal	2	1	Germany	41.667	84	5	2	3	11.5	5	2	3	11.5	1	4		1	4		28	45
classic	normal	2	2	USSR	32	90	0	0	0		0	0	0		0	0		0	0		22	32
classic	normal	3	0	USA	42.333	96	2	2	0	0.65	2	2	0	0.65	2	0	0.65	2	0	0.65	28	36
classic	normal	3	1	Germany	34.333	78	7	2	5		7	2	5		1	6		1	6		21	42
classic	normal	3	2	USSR	34.667	78	3	2	1	0.8	3	2	1	0.8	2	1	0.8	2	1	0.8	22	33
classic	normal	4	0	USA	35.333	72	2	0	2		2	0	2		0	2		0	2		24	33
classic	normal	4	1	Germany	41.333	102	7	1	6		6	1	5		1	6		1	5		25	34
classic	normal	4	2	USSR	47.667	114	1	0	1		1	0	1		0	1		0	1		33	37
classic	normal	5	0	USA	36	120	1	0	1		1	0	1		0	1		0	1		20	37
classic	normal	5	1	Germany	39	84	0	0	0		0	0	0		0	0		0	0		23	45
classic	normal	5	2	USSR	39	96	4	2	2	1.4	4	2	2	1.4	2	2	1.4	2	2	1.4	24	44
classic	normal	6	0	USA	36.667	78	2	1	1	0.75	2	1	1	0.75	1	1	0.75	1	1	0.75	23	42
classic	normal	6	1	Germany	39	102	0	0	0		0	0	0		0	0		0	0		25	41
classic	normal	6	2	USSR	45.667	120	2	1	1	3.5	2	1	1	3.5	1	1	3.5	1	1	3.5	33	32
classic	normal	7	0	USA	35	108	4	2	2	1.4	4	2	2	1.4	2	2	1.4	2	2	1.4	24	35
classic	normal	7	1	Germany	38	102	5	4	1	3.6	5	4	1	3.6	3	2	5.4	3	2	5.4	23	43
classic	normal	7	2	USSR	31.333	84	1	1	0	7.6	1	1	0	7.6	0	1		0	1		21	32
classic	normal	8	0	USA	32	72	1	1	0	0.6	1	1	0	0.6	1	0	0.6	1	0	0.6	17	45
classic	normal	8	1	Germany	45.333	114	2	2	0	0.6	2	2	0	0.6	2	0	0.6	2	0	0.6	29	44
classic	normal	8	2	USSR	38.667	90	4	2	2	1.25	4	2	2	1.25	2	2	1.25	2	2	1.25	25	37
classic	normal	9	0	USA	29.333	102	0	0	0		0	0	0		0	0		0	0		18	33
classic	normal	9	1	Germany	50.667	102	0	0	0		0	0	0		0	0		0	0		37	44
classic	normal	9	2	USSR	47.667	120	10	2	8		10	2	8		1	9		1	9		34	37
classic	normal	10	0	USA	43.333	108	2	2	0	0.8	2	2	0	0.8	2	0	0.8	2	0	0.8	28	46
classic	normal	10	1	Germany	36.333	72	0	0	0		0	0	0		0	0		0	0		22	48
classic	normal	10	2	USSR	28.667	90	1	0	1		1	0	1		0	1		0	1		15	43
classic	hard	1	0	USA	51.667	96	4	4	0	0.85	4	4	0	0.85	2	2	0.85	2	2	0.85	31	66
classic	hard	1	1	Germany	47	114	2	0	2		2	0	2		0	2		0	2		28	64
classic	hard	1	2	USSR	44.333	84	3	2	1	0.5	3	2	1	0.5	2	1	0.5	2	1	0.5	25	60
classic	hard	2	0	USA	52.667	138	7	1	6		7	1	6		1	6		1	6		41	48
classic	hard	2	1	Germany	42	84	1	1	0	0.35	1	1	0	0.35	1	0	0.35	1	0	0.35	22	68
classic	hard	2	2	USSR	64	174	4	3	1	0.4	5	4	1	0.4	2	2	0.4	2	3		45	57
classic	hard	3	0	USA	47.333	90	3	3	0	0.95	3	3	0	0.95	2	1	1	2	1	1	30	59
classic	hard	3	1	Germany	45	96	4	1	3		4	1	3		1	3		1	3		23	64
classic	hard	3	2	USSR	53	120	4	2	2	0.5	4	2	2	0.5	1	3		1	3		35	61
classic	hard	4	0	USA	58.667	126	2	1	1	0.35	2	1	1	0.35	1	1	0.35	1	1	0.35	39	68
classic	hard	4	1	Germany	53.667	120	1	0	1		1	0	1		0	1		0	1		31	73
classic	hard	4	2	USSR	64	138	2	2	0	0.45	2	2	0	0.45	1	1	0.45	1	1	0.45	31	71
classic	hard	5	0	USA	58.667	162	5	2	3		5	2	3		2	3		2	3		40	58
classic	hard	5	1	Germany	53.333	114	0	0	0		0	0	0		0	0		0	0		31	65
classic	hard	5	2	USSR	73	186	10	7	3	3.8	10	7	3	3.8	1	9		1	9		57	57
classic	hard	6	0	USA	48.667	96	3	3	0	0.5	3	3	0	0.5	3	0	0.5	3	0	0.5	30	67
classic	hard	6	1	Germany	47.333	120	3	1	2		3	1	2		1	2		1	2		32	54
classic	hard	6	2	USSR	44.333	90	1	1	0	0.5	1	1	0	0.5	1	0	0.5	1	0	0.5	23	69
classic	hard	7	0	USA	47.667	132	5	2	3		5	2	3		2	3		2	3		29	62
classic	hard	7	1	Germany	49	114	4	2	2	0.55	4	2	2	0.55	2	2	0.55	2	2	0.55	28	63
classic	hard	7	2	USSR	41	84	1	0	1		1	0	1		0	1		0	1		21	58
classic	hard	8	0	USA	57	126	4	2	2	1.05	4	2	2	1.05	2	2	1.05	2	2	1.05	38	63
classic	hard	8	1	Germany	57	108	2	2	0	0.35	2	2	0	0.35	2	0	0.35	2	0	0.35	38	68
classic	hard	8	2	USSR	45	120	4	3	1	1.05	4	3	1	1.05	2	2	1.15	2	2	1.15	27	61
classic	hard	9	0	USA	37.667	78	1	0	1		1	0	1		0	1		0	1		22	57
classic	hard	9	1	Germany	58.333	120	3	2	1	1.8	3	2	1	1.8	1	2		1	2		43	59
classic	hard	9	2	USSR	52.667	114	1	1	0	0.45	1	1	0	0.45	1	0	0.45	1	0	0.45	34	68
classic	hard	10	0	USA	53.667	192	5	3	2	8.25	5	3	2	8.25	2	3		2	3		38	56
classic	hard	10	1	Germany	43.333	102	3	0	3		3	0	3		0	3		0	3		25	60
classic	hard	10	2	USSR	60.333	120	2	2	0	0.45	2	2	0	0.45	2	0	0.45	2	0	0.45	40	62
world	easy	1	0	USA	30.333	60	0	0	0		0	0	0		0	0		0	0		15	33
world	easy	1	1	Germany	32.333	60	1	0	1		1	0	1		0	1		0	1		24	21
world	easy	1	2	USSR	24	60	1	0	1		1	0	1		0	1		0	1		13	26
world	easy	2	0	USA	33.667	60															25	18
world	easy	2	1	Germany	31.667	60	1	0	1		1	0	1		0	1		0	1		24	20
world	easy	2	2	USSR	33.667	60															23	21
world	easy	3	0	USA	30.667	60	0	0	0		0	0	0		0	0		0	0		19	34
world	easy	3	1	Germany	25.333	60	1	0	1		1	0	1		0	1		0	1		19	16
world	easy	3	2	USSR	29.333	60	0	0	0		0	0	0		0	0		0	0		16	32
world	easy	4	0	USA	27	60	3	1	2		3	1	2		1	2		1	2		16	27
world	easy	4	1	Germany	31.333	60	3	2	1	1.1	2	2	0	1.1	1	2		1	1	1.1	24	15
world	easy	4	2	USSR	30	60	0	0	0		0	0	0		0	0		0	0		20	27
world	easy	5	0	USA	31.667	60	1	1	0	3.85	1	1	0	3.85	1	0	3.85	1	0	3.85	19	28
world	easy	5	1	Germany	32.667	60															23	24
world	easy	5	2	USSR	32.667	60	0	0	0		0	0	0		0	0		0	0		20	33
world	easy	6	0	USA	33.667	60															20	27
world	easy	6	1	Germany	23.333	60	2	1	1	1.15	2	1	1	1.15	1	1	1.15	1	1	1.15	14	23
world	easy	6	2	USSR	27	60	0	0	0		0	0	0		0	0		0	0		16	25
world	easy	7	0	USA	33	60	0	0	0		0	0	0		0	0		0	0		20	31
world	easy	7	1	Germany	21.333	60	0	0	0		0	0	0		0	0		0	0		10	26
world	easy	7	2	USSR	30	60	1	0	1		1	0	1		0	1		0	1		20	26
world	easy	8	0	USA	33.333	60															24	17
world	easy	8	1	Germany	32	60	0	0	0		0	0	0		0	0		0	0		22	22
world	easy	8	2	USSR	32.667	60	0	0	0		0	0	0		0	0		0	0		22	22
world	easy	9	0	USA	23.333	60	1	0	1		1	0	1		0	1		0	1		13	24
world	easy	9	1	Germany	31	60	0	0	0		0	0	0		0	0		0	0		23	15
world	easy	9	2	USSR	32.333	60															20	27
world	easy	10	0	USA	32.333	60															22	25
world	easy	10	1	Germany	31.333	60	0	0	0		0	0	0		0	0		0	0		21	23
world	easy	10	2	USSR	30.667	60	0	0	0		0	0	0		0	0		0	0		19	30
world	normal	1	0	USA	48.333	96															35	33
world	normal	1	1	Germany	47.333	90															33	33
world	normal	1	2	USSR	35.333	78	0	0	0		0	0	0		0	0		0	0		22	37
world	normal	2	0	USA	46.667	120	0	0	0		0	0	0		0	0		0	0		31	34
world	normal	2	1	Germany	41.333	102	0	0	0		0	0	0		0	0		0	0		30	27
world	normal	2	2	USSR	49.333	102	0	0	0		0	0	0		0	0		0	0		37	28
world	normal	3	0	USA	33	72	0	0	0		0	0	0		0	0		0	0		19	39
world	normal	3	1	Germany	38	102	2	1	1	0.65	1	1	0	0.65	1	1	0.65	1	0	0.65	23	36
world	normal	3	2	USSR	47.333	120	0	0	0		0	0	0		0	0		0	0		25	41
world	normal	4	0	USA	36.667	90	1	1	0	0.75	1	1	0	0.75	1	0	0.75	1	0	0.75	21	41
world	normal	4	1	Germany	44.333	96	3	3	0	0.8	3	3	0	0.8	1	2		1	2		31	34
world	normal	4	2	USSR	44.667	96	1	0	1		1	0	1		0	1		0	1		31	31
world	normal	5	0	USA	41.667	102	0	0	0		0	0	0		0	0		0	0		24	45
world	normal	5	1	Germany	40.333	96	0	0	0		0	0	0		0	0		0	0		28	33
world	normal	5	2	USSR	42	90	2	1	1	0.8	2	1	1	0.8	1	1	0.8	1	1	0.8	27	35
world	normal	6	0	USA	44	96	2	1	1	0.75	2	1	1	0.75	1	1	0.75	1	1	0.75	29	39
world	normal	6	1	Germany	48.333	108	1	0	1		1	0	1		0	1		0	1		34	35
world	normal	6	2	USSR	39.333	84	0	0	0		0	0	0		0	0		0	0		25	36
world	normal	7	0	USA	35	84	0	0	0		0	0	0		0	0		0	0		16	43
world	normal	7	1	Germany	34	78	0	0	0		0	0	0		0	0		0	0		25	28
world	normal	7	2	USSR	38	72	1	0	1		1	0	1		0	1		0	1		24	37
world	normal	8	0	USA	46	108	1	0	1		1	0	1		0	1		0	1		34	29
world	normal	8	1	Germany	37.667	90	1	0	1		0	0	0		0	1		0	0		24	27
world	normal	8	2	USSR	38.333	102	0	0	0		0	0	0		0	0		0	0		23	39
world	normal	9	0	USA	34.667	78	0	0	0		0	0	0		0	0		0	0		23	35
world	normal	9	1	Germany	41	102	0	0	0		0	0	0		0	0		0	0		28	28
world	normal	9	2	USSR	39.333	84	0	0	0		0	0	0		0	0		0	0		26	33
world	normal	10	0	USA	36	72	1	1	0	0.6	1	1	0	0.6	1	0	0.6	1	0	0.6	22	37
world	normal	10	1	Germany	30	78	0	0	0		0	0	0		0	0		0	0		15	31
world	normal	10	2	USSR	36	84	1	0	1		1	0	1		0	1		0	1		21	38
world	hard	1	0	USA	64.333	108	0	0	0		0	0	0		0	0		0	0		42	58
world	hard	1	1	Germany	48.333	138	0	0	0		0	0	0		0	0		0	0		29	50
world	hard	1	2	USSR	48.667	102	0	0	0		0	0	0		0	0		0	0		25	60
world	hard	2	0	USA	53.667	102	0	0	0		0	0	0		0	0		0	0		32	57
world	hard	2	1	Germany	67	132	1	1	0	0.85	1	1	0	0.85	1	0	0.85	1	0	0.85	47	45
world	hard	2	2	USSR	50	120	1	1	0	0.4	1	1	0	0.4	1	0	0.4	1	0	0.4	31	51
world	hard	3	0	USA	52.333	96	0	0	0		0	0	0		0	0		0	0		35	53
world	hard	3	1	Germany	47.333	96	0	0	0		0	0	0		0	0		0	0		28	55
world	hard	3	2	USSR	52.667	120	0	0	0		0	0	0		0	0		0	0		27	58
world	hard	4	0	USA	55	108	0	0	0		0	0	0		0	0		0	0		29	63
world	hard	4	1	Germany	58.333	126	1	1	0	0.45	1	1	0	0.45	1	0	0.45	1	0	0.45	35	62
world	hard	4	2	USSR	51.667	108	0	0	0		0	0	0		0	0		0	0		28	66
world	hard	5	0	USA	50.333	108	0	0	0		0	0	0		0	0		0	0		24	71
world	hard	5	1	Germany	55.333	114	2	0	2		2	0	2		0	2		0	2		35	56
world	hard	5	2	USSR	49	102	2	0	2		2	0	2		0	2		0	2		31	44
world	hard	6	0	USA	62.667	132	2	2	0	1	2	2	0	1	1	1	1	1	1	1	37	64
world	hard	6	1	Germany	57.667	120	0	0	0		0	0	0		0	0		0	0		36	53
world	hard	6	2	USSR	50	108	1	1	0	11.25	1	1	0	11.25	0	1		0	1		25	67
world	hard	7	0	USA	57.667	120	1	1	0	1.5	1	1	0	1.5	1	0	1.5	1	0	1.5	34	61
world	hard	7	1	Germany	43.333	120	0	0	0		0	0	0		0	0		0	0		27	40
world	hard	7	2	USSR	51	96	3	0	3		3	0	3		0	3		0	3		33	52
world	hard	8	0	USA	63.667	198	0	0	0		0	0	0		0	0		0	0		35	51
world	hard	8	1	Germany	52.667	114	1	0	1		1	0	1		0	1		0	1		31	51
world	hard	8	2	USSR	58	144	1	1	0	0.55	1	1	0	0.55	1	0	0.55	1	0	0.55	37	53
world	hard	9	0	USA	43.667	78	0	0	0		0	0	0		0	0		0	0		24	55
world	hard	9	1	Germany	54.667	114	1	0	1		1	0	1		0	1		0	1		33	49
world	hard	9	2	USSR	55	108	0	0	0		0	0	0		0	0		0	0		34	59
world	hard	10	0	USA	49	96	0	0	0		0	0	0		0	0		0	0		30	61
world	hard	10	1	Germany	43.333	102	2	2	0	1.1	2	2	0	1.1	1	1	1.1	1	1	1.1	23	53
world	hard	10	2	USSR	44.333	90	0	0	0		0	0	0		0	0		0	0		24	58
